{
  "classname": null,
  "name": null,
  "animation": {
    "classname": null,
    "name": "AnimationManager",
    "actionlist": []
  },
  "dataScale": 1,
  "designHeight": 80,
  "designWidth": 960,
  "textures": [],
  "texturesPng": [
    "panel_small.png",
    "pickaxe-off.png",
    "map-off.png",
    "dynamite-off.png",
    "level.png",
    "panel_large.png",
    "clover-off.png",
    "coin.png",
    "heart-off.png",
    "shiald_off.png",
    "key-off.png",
    "arrow-off.png",
    "heart.png",
    "shield.png",
    "key-active.png",
    "arrow.png",
    "clover.png",
    "pickaxe-over.png",
    "dynamite-over.png",
    "map-over.png"
  ],
  "version": "1.5.0.0",
  "widgetTree": {
    "classname": "Panel",
    "name": null,
    "children": [
      {
        "classname": "ImageView",
        "name": null,
        "children": [],
        "options": {
          "__type": "ImageViewSurrogate:#EditorCommon.JsonModel.Component.GUI",
          "classname": "ImageView",
          "name": "Image_2",
          "ZOrder": 2,
          "actiontag": 15511864,
          "anchorPointX": 0.5,
          "anchorPointY": 0.5,
          "classType": "CocoStudio.EngineAdapterWrap.CSImageView",
          "colorB": 255,
          "colorG": 255,
          "colorR": 255,
          "customProperty": "",
          "flipX": false,
          "flipY": false,
          "height": 143,
          "ignoreSize": true,
          "layoutParameter": null,
          "opacity": 255,
          "positionPercentX": 0.292708337,
          "positionPercentY": 0.5,
          "positionType": 0,
          "rotation": 0,
          "scaleX": 0.5,
          "scaleY": 0.5,
          "sizePercentX": 0.358333319,
          "sizePercentY": 1.7875,
          "sizeType": 0,
          "tag": 5,
          "touchAble": false,
          "useMergedTexture": false,
          "visible": true,
          "width": 344,
          "x": 281,
          "y": 40,
          "capInsetsHeight": 1,
          "capInsetsWidth": 1,
          "capInsetsX": 0,
          "capInsetsY": 0,
          "fileName": null,
          "fileNameData": {
            "path": "panel_small.png",
            "plistFile": "",
            "resourceType": 0
          },
          "scale9Enable": false,
          "scale9Height": 143,
          "scale9Width": 344
        }
      },
      {
        "classname": "ImageView",
        "name": null,
        "children": [],
        "options": {
          "__type": "ImageViewSurrogate:#EditorCommon.JsonModel.Component.GUI",
          "classname": "ImageView",
          "name": "Image_2_0",
          "ZOrder": 2,
          "actiontag": 39129256,
          "anchorPointX": 0.5,
          "anchorPointY": 0.5,
          "classType": "CocoStudio.EngineAdapterWrap.CSImageView",
          "colorB": 255,
          "colorG": 255,
          "colorR": 255,
          "customProperty": "",
          "flipX": false,
          "flipY": false,
          "height": 143,
          "ignoreSize": true,
          "layoutParameter": null,
          "opacity": 255,
          "positionPercentX": 0.110416666,
          "positionPercentY": 0.5125,
          "positionType": 0,
          "rotation": 0,
          "scaleX": 0.5,
          "scaleY": 0.5,
          "sizePercentX": 0.358333319,
          "sizePercentY": 1.7875,
          "sizeType": 0,
          "tag": 7,
          "touchAble": false,
          "useMergedTexture": false,
          "visible": true,
          "width": 344,
          "x": 106,
          "y": 41,
          "capInsetsHeight": 1,
          "capInsetsWidth": 1,
          "capInsetsX": 0,
          "capInsetsY": 0,
          "fileName": null,
          "fileNameData": {
            "path": "panel_small.png",
            "plistFile": "",
            "resourceType": 0
          },
          "scale9Enable": false,
          "scale9Height": 143,
          "scale9Width": 344
        }
      },
      {
        "classname": "ImageView",
        "name": null,
        "children": [],
        "options": {
          "__type": "ImageViewSurrogate:#EditorCommon.JsonModel.Component.GUI",
          "classname": "ImageView",
          "name": "Image_5",
          "ZOrder": 2,
          "actiontag": 24636025,
          "anchorPointX": 0.5,
          "anchorPointY": 0.5,
          "classType": "CocoStudio.EngineAdapterWrap.CSImageView",
          "colorB": 255,
          "colorG": 255,
          "colorR": 255,
          "customProperty": "",
          "flipX": false,
          "flipY": false,
          "height": 117,
          "ignoreSize": true,
          "layoutParameter": null,
          "opacity": 255,
          "positionPercentX": 0.43125,
          "positionPercentY": 0.4375,
          "positionType": 0,
          "rotation": 0,
          "scaleX": 0.5,
          "scaleY": 0.5,
          "sizePercentX": 0.186458334,
          "sizePercentY": 1.4625,
          "sizeType": 0,
          "tag": 8,
          "touchAble": false,
          "useMergedTexture": false,
          "visible": true,
          "width": 179,
          "x": 414,
          "y": 35,
          "capInsetsHeight": 1,
          "capInsetsWidth": 1,
          "capInsetsX": 0,
          "capInsetsY": 0,
          "fileName": null,
          "fileNameData": {
            "path": "pickaxe-off.png",
            "plistFile": "",
            "resourceType": 0
          },
          "scale9Enable": false,
          "scale9Height": 117,
          "scale9Width": 179
        }
      },
      {
        "classname": "ImageView",
        "name": null,
        "children": [],
        "options": {
          "__type": "ImageViewSurrogate:#EditorCommon.JsonModel.Component.GUI",
          "classname": "ImageView",
          "name": "Image_6",
          "ZOrder": 2,
          "actiontag": 2862558,
          "anchorPointX": 0.5,
          "anchorPointY": 0.5,
          "classType": "CocoStudio.EngineAdapterWrap.CSImageView",
          "colorB": 255,
          "colorG": 255,
          "colorR": 255,
          "customProperty": "",
          "flipX": false,
          "flipY": false,
          "height": 117,
          "ignoreSize": true,
          "layoutParameter": null,
          "opacity": 255,
          "positionPercentX": 0.578125,
          "positionPercentY": 0.4375,
          "positionType": 0,
          "rotation": 0,
          "scaleX": 0.5,
          "scaleY": 0.5,
          "sizePercentX": 0.186458334,
          "sizePercentY": 1.4625,
          "sizeType": 0,
          "tag": 9,
          "touchAble": false,
          "useMergedTexture": false,
          "visible": true,
          "width": 179,
          "x": 555,
          "y": 35,
          "capInsetsHeight": 1,
          "capInsetsWidth": 1,
          "capInsetsX": 0,
          "capInsetsY": 0,
          "fileName": null,
          "fileNameData": {
            "path": "map-off.png",
            "plistFile": "",
            "resourceType": 0
          },
          "scale9Enable": false,
          "scale9Height": 117,
          "scale9Width": 179
        }
      },
      {
        "classname": "ImageView",
        "name": null,
        "children": [],
        "options": {
          "__type": "ImageViewSurrogate:#EditorCommon.JsonModel.Component.GUI",
          "classname": "ImageView",
          "name": "Image_7",
          "ZOrder": 2,
          "actiontag": 46079980,
          "anchorPointX": 0.5,
          "anchorPointY": 0.5,
          "classType": "CocoStudio.EngineAdapterWrap.CSImageView",
          "colorB": 255,
          "colorG": 255,
          "colorR": 255,
          "customProperty": "",
          "flipX": false,
          "flipY": false,
          "height": 117,
          "ignoreSize": true,
          "layoutParameter": null,
          "opacity": 255,
          "positionPercentX": 0.50625,
          "positionPercentY": 0.4375,
          "positionType": 0,
          "rotation": 0,
          "scaleX": 0.5,
          "scaleY": 0.5,
          "sizePercentX": 0.186458334,
          "sizePercentY": 1.4625,
          "sizeType": 0,
          "tag": 10,
          "touchAble": false,
          "useMergedTexture": false,
          "visible": true,
          "width": 179,
          "x": 486,
          "y": 35,
          "capInsetsHeight": 1,
          "capInsetsWidth": 1,
          "capInsetsX": 0,
          "capInsetsY": 0,
          "fileName": null,
          "fileNameData": {
            "path": "dynamite-off.png",
            "plistFile": "",
            "resourceType": 0
          },
          "scale9Enable": false,
          "scale9Height": 117,
          "scale9Width": 179
        }
      },
      {
        "classname": "ImageView",
        "name": null,
        "children": [],
        "options": {
          "__type": "ImageViewSurrogate:#EditorCommon.JsonModel.Component.GUI",
          "classname": "ImageView",
          "name": "Image_8",
          "ZOrder": 0,
          "actiontag": 61432121,
          "anchorPointX": 0.5,
          "anchorPointY": 0.5,
          "classType": "CocoStudio.EngineAdapterWrap.CSImageView",
          "colorB": 255,
          "colorG": 255,
          "colorR": 255,
          "customProperty": "",
          "flipX": false,
          "flipY": false,
          "height": 200,
          "ignoreSize": true,
          "layoutParameter": null,
          "opacity": 255,
          "positionPercentX": 0.501041651,
          "positionPercentY": 0.8,
          "positionType": 0,
          "rotation": 0,
          "scaleX": 0.6,
          "scaleY": 0.6,
          "sizePercentX": 0.38125,
          "sizePercentY": 2.5,
          "sizeType": 0,
          "tag": 11,
          "touchAble": false,
          "useMergedTexture": false,
          "visible": true,
          "width": 366,
          "x": 481,
          "y": 64,
          "capInsetsHeight": 1,
          "capInsetsWidth": 1,
          "capInsetsX": 0,
          "capInsetsY": 0,
          "fileName": null,
          "fileNameData": {
            "path": "level.png",
            "plistFile": "",
            "resourceType": 0
          },
          "scale9Enable": false,
          "scale9Height": 200,
          "scale9Width": 366
        }
      },
      {
        "classname": "ImageView",
        "name": null,
        "children": [],
        "options": {
          "__type": "ImageViewSurrogate:#EditorCommon.JsonModel.Component.GUI",
          "classname": "ImageView",
          "name": "Image_9",
          "ZOrder": 0,
          "actiontag": 58585662,
          "anchorPointX": 0.5,
          "anchorPointY": 0.5,
          "classType": "CocoStudio.EngineAdapterWrap.CSImageView",
          "colorB": 255,
          "colorG": 255,
          "colorR": 255,
          "customProperty": "",
          "flipX": false,
          "flipY": false,
          "height": 143,
          "ignoreSize": true,
          "layoutParameter": null,
          "opacity": 255,
          "positionPercentX": 0.8020833,
          "positionPercentY": 0.5125,
          "positionType": 0,
          "rotation": 0,
          "scaleX": 0.5,
          "scaleY": 0.5,
          "sizePercentX": 0.7125,
          "sizePercentY": 1.7875,
          "sizeType": 0,
          "tag": 12,
          "touchAble": false,
          "useMergedTexture": false,
          "visible": true,
          "width": 684,
          "x": 770,
          "y": 41,
          "capInsetsHeight": 1,
          "capInsetsWidth": 1,
          "capInsetsX": 0,
          "capInsetsY": 0,
          "fileName": null,
          "fileNameData": {
            "path": "panel_large.png",
            "plistFile": "",
            "resourceType": 0
          },
          "scale9Enable": false,
          "scale9Height": 143,
          "scale9Width": 684
        }
      },
      {
        "classname": "ImageView",
        "name": null,
        "children": [],
        "options": {
          "__type": "ImageViewSurrogate:#EditorCommon.JsonModel.Component.GUI",
          "classname": "ImageView",
          "name": "Image_10",
          "ZOrder": 5,
          "actiontag": 59071773,
          "anchorPointX": 0.5,
          "anchorPointY": 0.5,
          "classType": "CocoStudio.EngineAdapterWrap.CSImageView",
          "colorB": 255,
          "colorG": 255,
          "colorR": 255,
          "customProperty": "",
          "flipX": false,
          "flipY": false,
          "height": 73,
          "ignoreSize": true,
          "layoutParameter": null,
          "opacity": 255,
          "positionPercentX": 0.6802083,
          "positionPercentY": 0.375,
          "positionType": 0,
          "rotation": 0,
          "scaleX": 0.5,
          "scaleY": 0.5,
          "sizePercentX": 0.0729166642,
          "sizePercentY": 0.9125,
          "sizeType": 0,
          "tag": 13,
          "touchAble": false,
          "useMergedTexture": false,
          "visible": true,
          "width": 70,
          "x": 653,
          "y": 30,
          "capInsetsHeight": 1,
          "capInsetsWidth": 1,
          "capInsetsX": 0,
          "capInsetsY": 0,
          "fileName": null,
          "fileNameData": {
            "path": "clover-off.png",
            "plistFile": "",
            "resourceType": 0
          },
          "scale9Enable": false,
          "scale9Height": 73,
          "scale9Width": 70
        }
      },
      {
        "classname": "ImageView",
        "name": null,
        "children": [],
        "options": {
          "__type": "ImageViewSurrogate:#EditorCommon.JsonModel.Component.GUI",
          "classname": "ImageView",
          "name": "Image_11",
          "ZOrder": 5,
          "actiontag": 6318648,
          "anchorPointX": 0.5,
          "anchorPointY": 0.5,
          "classType": "CocoStudio.EngineAdapterWrap.CSImageView",
          "colorB": 255,
          "colorG": 255,
          "colorR": 255,
          "customProperty": "",
          "flipX": false,
          "flipY": false,
          "height": 73,
          "ignoreSize": true,
          "layoutParameter": null,
          "opacity": 255,
          "positionPercentX": 0.7572917,
          "positionPercentY": 0.4,
          "positionType": 0,
          "rotation": 0,
          "scaleX": 0.5,
          "scaleY": 0.5,
          "sizePercentX": 0.0729166642,
          "sizePercentY": 0.9125,
          "sizeType": 0,
          "tag": 14,
          "touchAble": false,
          "useMergedTexture": false,
          "visible": true,
          "width": 70,
          "x": 727,
          "y": 32,
          "capInsetsHeight": 1,
          "capInsetsWidth": 1,
          "capInsetsX": 0,
          "capInsetsY": 0,
          "fileName": null,
          "fileNameData": {
            "path": "coin.png",
            "plistFile": "",
            "resourceType": 0
          },
          "scale9Enable": false,
          "scale9Height": 73,
          "scale9Width": 70
        }
      },
      {
        "classname": "ImageView",
        "name": null,
        "children": [],
        "options": {
          "__type": "ImageViewSurrogate:#EditorCommon.JsonModel.Component.GUI",
          "classname": "ImageView",
          "name": "Image_12",
          "ZOrder": 4,
          "actiontag": 24475473,
          "anchorPointX": 0.5,
          "anchorPointY": 0.5,
          "classType": "CocoStudio.EngineAdapterWrap.CSImageView",
          "colorB": 255,
          "colorG": 255,
          "colorR": 255,
          "customProperty": "",
          "flipX": false,
          "flipY": false,
          "height": 73,
          "ignoreSize": true,
          "layoutParameter": null,
          "opacity": 255,
          "positionPercentX": 0.06979167,
          "positionPercentY": 0.425,
          "positionType": 0,
          "rotation": 0,
          "scaleX": 0.5,
          "scaleY": 0.5,
          "sizePercentX": 0.0729166642,
          "sizePercentY": 0.9125,
          "sizeType": 0,
          "tag": 15,
          "touchAble": false,
          "useMergedTexture": false,
          "visible": true,
          "width": 70,
          "x": 67,
          "y": 34,
          "capInsetsHeight": 1,
          "capInsetsWidth": 1,
          "capInsetsX": 0,
          "capInsetsY": 0,
          "fileName": null,
          "fileNameData": {
            "path": "heart-off.png",
            "plistFile": "",
            "resourceType": 0
          },
          "scale9Enable": false,
          "scale9Height": 73,
          "scale9Width": 70
        }
      },
      {
        "classname": "ImageView",
        "name": null,
        "children": [],
        "options": {
          "__type": "ImageViewSurrogate:#EditorCommon.JsonModel.Component.GUI",
          "classname": "ImageView",
          "name": "Image_13",
          "ZOrder": 4,
          "actiontag": 18664480,
          "anchorPointX": 0.5,
          "anchorPointY": 0.5,
          "classType": "CocoStudio.EngineAdapterWrap.CSImageView",
          "colorB": 255,
          "colorG": 255,
          "colorR": 255,
          "customProperty": "",
          "flipX": false,
          "flipY": false,
          "height": 73,
          "ignoreSize": true,
          "layoutParameter": null,
          "opacity": 255,
          "positionPercentX": 0.1375,
          "positionPercentY": 0.425,
          "positionType": 0,
          "rotation": 0,
          "scaleX": 0.5,
          "scaleY": 0.5,
          "sizePercentX": 0.0729166642,
          "sizePercentY": 0.9125,
          "sizeType": 0,
          "tag": 16,
          "touchAble": false,
          "useMergedTexture": false,
          "visible": true,
          "width": 70,
          "x": 132,
          "y": 34,
          "capInsetsHeight": 1,
          "capInsetsWidth": 1,
          "capInsetsX": 0,
          "capInsetsY": 0,
          "fileName": null,
          "fileNameData": {
            "path": "shiald_off.png",
            "plistFile": "",
            "resourceType": 0
          },
          "scale9Enable": false,
          "scale9Height": 73,
          "scale9Width": 70
        }
      },
      {
        "classname": "ImageView",
        "name": null,
        "children": [],
        "options": {
          "__type": "ImageViewSurrogate:#EditorCommon.JsonModel.Component.GUI",
          "classname": "ImageView",
          "name": "Image_14",
          "ZOrder": 4,
          "actiontag": 42066313,
          "anchorPointX": 0.5,
          "anchorPointY": 0.5,
          "classType": "CocoStudio.EngineAdapterWrap.CSImageView",
          "colorB": 255,
          "colorG": 255,
          "colorR": 255,
          "customProperty": "",
          "flipX": false,
          "flipY": false,
          "height": 73,
          "ignoreSize": true,
          "layoutParameter": null,
          "opacity": 255,
          "positionPercentX": 0.257291675,
          "positionPercentY": 0.4125,
          "positionType": 0,
          "rotation": 0,
          "scaleX": 0.5,
          "scaleY": 0.5,
          "sizePercentX": 0.0729166642,
          "sizePercentY": 0.9125,
          "sizeType": 0,
          "tag": 17,
          "touchAble": false,
          "useMergedTexture": false,
          "visible": true,
          "width": 70,
          "x": 247,
          "y": 33,
          "capInsetsHeight": 1,
          "capInsetsWidth": 1,
          "capInsetsX": 0,
          "capInsetsY": 0,
          "fileName": null,
          "fileNameData": {
            "path": "key-off.png",
            "plistFile": "",
            "resourceType": 0
          },
          "scale9Enable": false,
          "scale9Height": 73,
          "scale9Width": 70
        }
      },
      {
        "classname": "ImageView",
        "name": null,
        "children": [],
        "options": {
          "__type": "ImageViewSurrogate:#EditorCommon.JsonModel.Component.GUI",
          "classname": "ImageView",
          "name": "Image_15",
          "ZOrder": 4,
          "actiontag": 59032892,
          "anchorPointX": 0.5,
          "anchorPointY": 0.5,
          "classType": "CocoStudio.EngineAdapterWrap.CSImageView",
          "colorB": 255,
          "colorG": 255,
          "colorR": 255,
          "customProperty": "",
          "flipX": false,
          "flipY": false,
          "height": 73,
          "ignoreSize": true,
          "layoutParameter": null,
          "opacity": 255,
          "positionPercentX": 0.319791675,
          "positionPercentY": 0.4,
          "positionType": 0,
          "rotation": 0,
          "scaleX": 0.5,
          "scaleY": 0.5,
          "sizePercentX": 0.0729166642,
          "sizePercentY": 0.9125,
          "sizeType": 0,
          "tag": 18,
          "touchAble": false,
          "useMergedTexture": false,
          "visible": true,
          "width": 70,
          "x": 307,
          "y": 32,
          "capInsetsHeight": 1,
          "capInsetsWidth": 1,
          "capInsetsX": 0,
          "capInsetsY": 0,
          "fileName": null,
          "fileNameData": {
            "path": "arrow-off.png",
            "plistFile": "",
            "resourceType": 0
          },
          "scale9Enable": false,
          "scale9Height": 73,
          "scale9Width": 70
        }
      },
      {
        "classname": "ImageView",
        "name": null,
        "children": [],
        "options": {
          "__type": "ImageViewSurrogate:#EditorCommon.JsonModel.Component.GUI",
          "classname": "ImageView",
          "name": "heart",
          "ZOrder": 5,
          "actiontag": 26344003,
          "anchorPointX": 0.5,
          "anchorPointY": 0.5,
          "classType": "CocoStudio.EngineAdapterWrap.CSImageView",
          "colorB": 255,
          "colorG": 255,
          "colorR": 255,
          "customProperty": "",
          "flipX": false,
          "flipY": false,
          "height": 73,
          "ignoreSize": true,
          "layoutParameter": null,
          "opacity": 255,
          "positionPercentX": 0.06979167,
          "positionPercentY": 0.425,
          "positionType": 0,
          "rotation": 0,
          "scaleX": 0.5,
          "scaleY": 0.5,
          "sizePercentX": 0.0729166642,
          "sizePercentY": 0.9125,
          "sizeType": 0,
          "tag": 20,
          "touchAble": true,
          "useMergedTexture": false,
          "visible": true,
          "width": 70,
          "x": 67,
          "y": 34,
          "capInsetsHeight": 1,
          "capInsetsWidth": 1,
          "capInsetsX": 0,
          "capInsetsY": 0,
          "fileName": null,
          "fileNameData": {
            "path": "heart.png",
            "plistFile": "",
            "resourceType": 0
          },
          "scale9Enable": false,
          "scale9Height": 73,
          "scale9Width": 70
        }
      },
      {
        "classname": "ImageView",
        "name": null,
        "children": [],
        "options": {
          "__type": "ImageViewSurrogate:#EditorCommon.JsonModel.Component.GUI",
          "classname": "ImageView",
          "name": "shield",
          "ZOrder": 5,
          "actiontag": 30825032,
          "anchorPointX": 0.5,
          "anchorPointY": 0.5,
          "classType": "CocoStudio.EngineAdapterWrap.CSImageView",
          "colorB": 255,
          "colorG": 255,
          "colorR": 255,
          "customProperty": "",
          "flipX": false,
          "flipY": false,
          "height": 73,
          "ignoreSize": true,
          "layoutParameter": null,
          "opacity": 255,
          "positionPercentX": 0.1375,
          "positionPercentY": 0.425,
          "positionType": 0,
          "rotation": 0,
          "scaleX": 0.5,
          "scaleY": 0.5,
          "sizePercentX": 0.0729166642,
          "sizePercentY": 0.9125,
          "sizeType": 0,
          "tag": 21,
          "touchAble": true,
          "useMergedTexture": false,
          "visible": true,
          "width": 70,
          "x": 132,
          "y": 34,
          "capInsetsHeight": 1,
          "capInsetsWidth": 1,
          "capInsetsX": 0,
          "capInsetsY": 0,
          "fileName": null,
          "fileNameData": {
            "path": "shield.png",
            "plistFile": "",
            "resourceType": 0
          },
          "scale9Enable": false,
          "scale9Height": 73,
          "scale9Width": 70
        }
      },
      {
        "classname": "ImageView",
        "name": null,
        "children": [],
        "options": {
          "__type": "ImageViewSurrogate:#EditorCommon.JsonModel.Component.GUI",
          "classname": "ImageView",
          "name": "key",
          "ZOrder": 5,
          "actiontag": 61467456,
          "anchorPointX": 0.5,
          "anchorPointY": 0.5,
          "classType": "CocoStudio.EngineAdapterWrap.CSImageView",
          "colorB": 255,
          "colorG": 255,
          "colorR": 255,
          "customProperty": "",
          "flipX": false,
          "flipY": false,
          "height": 73,
          "ignoreSize": true,
          "layoutParameter": null,
          "opacity": 255,
          "positionPercentX": 0.257291675,
          "positionPercentY": 0.4125,
          "positionType": 0,
          "rotation": 0,
          "scaleX": 0.5,
          "scaleY": 0.5,
          "sizePercentX": 0.0729166642,
          "sizePercentY": 0.9125,
          "sizeType": 0,
          "tag": 22,
          "touchAble": true,
          "useMergedTexture": false,
          "visible": true,
          "width": 70,
          "x": 247,
          "y": 33,
          "capInsetsHeight": 1,
          "capInsetsWidth": 1,
          "capInsetsX": 0,
          "capInsetsY": 0,
          "fileName": null,
          "fileNameData": {
            "path": "key-active.png",
            "plistFile": "",
            "resourceType": 0
          },
          "scale9Enable": false,
          "scale9Height": 73,
          "scale9Width": 70
        }
      },
      {
        "classname": "ImageView",
        "name": null,
        "children": [],
        "options": {
          "__type": "ImageViewSurrogate:#EditorCommon.JsonModel.Component.GUI",
          "classname": "ImageView",
          "name": "arrow",
          "ZOrder": 5,
          "actiontag": 29544810,
          "anchorPointX": 0.5,
          "anchorPointY": 0.5,
          "classType": "CocoStudio.EngineAdapterWrap.CSImageView",
          "colorB": 255,
          "colorG": 255,
          "colorR": 255,
          "customProperty": "",
          "flipX": false,
          "flipY": false,
          "height": 73,
          "ignoreSize": true,
          "layoutParameter": null,
          "opacity": 255,
          "positionPercentX": 0.319791675,
          "positionPercentY": 0.4,
          "positionType": 0,
          "rotation": 0,
          "scaleX": 0.5,
          "scaleY": 0.5,
          "sizePercentX": 0.0729166642,
          "sizePercentY": 0.9125,
          "sizeType": 0,
          "tag": 23,
          "touchAble": true,
          "useMergedTexture": false,
          "visible": true,
          "width": 70,
          "x": 307,
          "y": 32,
          "capInsetsHeight": 1,
          "capInsetsWidth": 1,
          "capInsetsX": 0,
          "capInsetsY": 0,
          "fileName": null,
          "fileNameData": {
            "path": "arrow.png",
            "plistFile": "",
            "resourceType": 0
          },
          "scale9Enable": false,
          "scale9Height": 73,
          "scale9Width": 70
        }
      },
      {
        "classname": "LabelAtlas",
        "name": null,
        "children": [],
        "options": {
          "__type": "LabelAtlasSurrogate:#EditorCommon.JsonModel.Component.GUI",
          "classname": "LabelAtlas",
          "name": "coin_num",
          "ZOrder": 0,
          "actiontag": 64818087,
          "anchorPointX": 0,
          "anchorPointY": 0.5,
          "classType": "CocoStudio.EngineAdapterWrap.CSLabelAtlas",
          "colorB": 255,
          "colorG": 255,
          "colorR": 255,
          "customProperty": "",
          "flipX": false,
          "flipY": false,
          "height": 25,
          "ignoreSize": true,
          "layoutParameter": null,
          "opacity": 255,
          "positionPercentX": 0.7864583,
          "positionPercentY": 0.4,
          "positionType": 0,
          "rotation": 0,
          "scaleX": 1.3,
          "scaleY": 1.3,
          "sizePercentX": 0.0197916664,
          "sizePercentY": 0.3125,
          "sizeType": 0,
          "tag": 28,
          "touchAble": true,
          "useMergedTexture": false,
          "visible": true,
          "width": 19,
          "x": 755,
          "y": 32,
          "charMapFile": null,
          "charMapFileData": {
            "path": "number3.png",
            "plistFile": "",
            "resourceType": 0
          },
          "itemHeight": 25,
          "itemWidth": 19,
          "startCharMap": "0",
          "stringValue": "0"
        }
      },
      {
        "classname": "LabelAtlas",
        "name": null,
        "children": [],
        "options": {
          "__type": "LabelAtlasSurrogate:#EditorCommon.JsonModel.Component.GUI",
          "classname": "LabelAtlas",
          "name": "hoe_num",
          "ZOrder": 5,
          "actiontag": 1903390,
          "anchorPointX": 0.5,
          "anchorPointY": 0.5,
          "classType": "CocoStudio.EngineAdapterWrap.CSLabelAtlas",
          "colorB": 255,
          "colorG": 255,
          "colorR": 255,
          "customProperty": "",
          "flipX": false,
          "flipY": false,
          "height": 25,
          "ignoreSize": true,
          "layoutParameter": null,
          "opacity": 255,
          "positionPercentX": 0.415625,
          "positionPercentY": 0.1875,
          "positionType": 0,
          "rotation": 0,
          "scaleX": 1,
          "scaleY": 1,
          "sizePercentX": 0.0197916664,
          "sizePercentY": 0.3125,
          "sizeType": 0,
          "tag": 29,
          "touchAble": true,
          "useMergedTexture": false,
          "visible": true,
          "width": 19,
          "x": 399,
          "y": 15,
          "charMapFile": null,
          "charMapFileData": {
            "path": "number3.png",
            "plistFile": "",
            "resourceType": 0
          },
          "itemHeight": 25,
          "itemWidth": 19,
          "startCharMap": "0",
          "stringValue": "0"
        }
      },
      {
        "classname": "LabelAtlas",
        "name": null,
        "children": [],
        "options": {
          "__type": "LabelAtlasSurrogate:#EditorCommon.JsonModel.Component.GUI",
          "classname": "LabelAtlas",
          "name": "heart_num",
          "ZOrder": 5,
          "actiontag": 48456183,
          "anchorPointX": 0.5,
          "anchorPointY": 0.5,
          "classType": "CocoStudio.EngineAdapterWrap.CSLabelAtlas",
          "colorB": 255,
          "colorG": 255,
          "colorR": 255,
          "customProperty": "",
          "flipX": false,
          "flipY": false,
          "height": 25,
          "ignoreSize": true,
          "layoutParameter": null,
          "opacity": 255,
          "positionPercentX": 0.0947916657,
          "positionPercentY": 0.2375,
          "positionType": 0,
          "rotation": 0,
          "scaleX": 1,
          "scaleY": 1,
          "sizePercentX": 0.0197916664,
          "sizePercentY": 0.3125,
          "sizeType": 0,
          "tag": 31,
          "touchAble": true,
          "useMergedTexture": false,
          "visible": true,
          "width": 19,
          "x": 91,
          "y": 19,
          "charMapFile": null,
          "charMapFileData": {
            "path": "number3.png",
            "plistFile": "",
            "resourceType": 0
          },
          "itemHeight": 25,
          "itemWidth": 19,
          "startCharMap": "0",
          "stringValue": "0"
        }
      },
      {
        "classname": "LabelAtlas",
        "name": null,
        "children": [],
        "options": {
          "__type": "LabelAtlasSurrogate:#EditorCommon.JsonModel.Component.GUI",
          "classname": "LabelAtlas",
          "name": "shield_num",
          "ZOrder": 5,
          "actiontag": 59252087,
          "anchorPointX": 0.5,
          "anchorPointY": 0.5,
          "classType": "CocoStudio.EngineAdapterWrap.CSLabelAtlas",
          "colorB": 255,
          "colorG": 255,
          "colorR": 255,
          "customProperty": "",
          "flipX": false,
          "flipY": false,
          "height": 25,
          "ignoreSize": true,
          "layoutParameter": null,
          "opacity": 255,
          "positionPercentX": 0.16458334,
          "positionPercentY": 0.2125,
          "positionType": 0,
          "rotation": 0,
          "scaleX": 1,
          "scaleY": 1,
          "sizePercentX": 0.0197916664,
          "sizePercentY": 0.3125,
          "sizeType": 0,
          "tag": 33,
          "touchAble": true,
          "useMergedTexture": false,
          "visible": true,
          "width": 19,
          "x": 158,
          "y": 17,
          "charMapFile": null,
          "charMapFileData": {
            "path": "number3.png",
            "plistFile": "",
            "resourceType": 0
          },
          "itemHeight": 25,
          "itemWidth": 19,
          "startCharMap": "0",
          "stringValue": "0"
        }
      },
      {
        "classname": "LabelAtlas",
        "name": null,
        "children": [],
        "options": {
          "__type": "LabelAtlasSurrogate:#EditorCommon.JsonModel.Component.GUI",
          "classname": "LabelAtlas",
          "name": "key_num",
          "ZOrder": 5,
          "actiontag": 24618856,
          "anchorPointX": 0.5,
          "anchorPointY": 0.5,
          "classType": "CocoStudio.EngineAdapterWrap.CSLabelAtlas",
          "colorB": 255,
          "colorG": 255,
          "colorR": 255,
          "customProperty": "",
          "flipX": false,
          "flipY": false,
          "height": 25,
          "ignoreSize": true,
          "layoutParameter": null,
          "opacity": 255,
          "positionPercentX": 0.275,
          "positionPercentY": 0.225,
          "positionType": 0,
          "rotation": 0,
          "scaleX": 1,
          "scaleY": 1,
          "sizePercentX": 0.0197916664,
          "sizePercentY": 0.3125,
          "sizeType": 0,
          "tag": 35,
          "touchAble": true,
          "useMergedTexture": false,
          "visible": true,
          "width": 19,
          "x": 264,
          "y": 18,
          "charMapFile": null,
          "charMapFileData": {
            "path": "number3.png",
            "plistFile": "",
            "resourceType": 0
          },
          "itemHeight": 25,
          "itemWidth": 19,
          "startCharMap": "0",
          "stringValue": "0"
        }
      },
      {
        "classname": "LabelAtlas",
        "name": null,
        "children": [],
        "options": {
          "__type": "LabelAtlasSurrogate:#EditorCommon.JsonModel.Component.GUI",
          "classname": "LabelAtlas",
          "name": "arrow_num",
          "ZOrder": 5,
          "actiontag": 52481219,
          "anchorPointX": 0.5,
          "anchorPointY": 0.5,
          "classType": "CocoStudio.EngineAdapterWrap.CSLabelAtlas",
          "colorB": 255,
          "colorG": 255,
          "colorR": 255,
          "customProperty": "",
          "flipX": false,
          "flipY": false,
          "height": 25,
          "ignoreSize": true,
          "layoutParameter": null,
          "opacity": 255,
          "positionPercentX": 0.344791681,
          "positionPercentY": 0.2125,
          "positionType": 0,
          "rotation": 0,
          "scaleX": 1,
          "scaleY": 1,
          "sizePercentX": 0.0197916664,
          "sizePercentY": 0.3125,
          "sizeType": 0,
          "tag": 37,
          "touchAble": true,
          "useMergedTexture": false,
          "visible": true,
          "width": 19,
          "x": 331,
          "y": 17,
          "charMapFile": null,
          "charMapFileData": {
            "path": "number3.png",
            "plistFile": "",
            "resourceType": 0
          },
          "itemHeight": 25,
          "itemWidth": 19,
          "startCharMap": "0",
          "stringValue": "0"
        }
      },
      {
        "classname": "LabelAtlas",
        "name": null,
        "children": [],
        "options": {
          "__type": "LabelAtlasSurrogate:#EditorCommon.JsonModel.Component.GUI",
          "classname": "LabelAtlas",
          "name": "map_num",
          "ZOrder": 5,
          "actiontag": 18730559,
          "anchorPointX": 0.5,
          "anchorPointY": 0.5,
          "classType": "CocoStudio.EngineAdapterWrap.CSLabelAtlas",
          "colorB": 255,
          "colorG": 255,
          "colorR": 255,
          "customProperty": "",
          "flipX": false,
          "flipY": false,
          "height": 25,
          "ignoreSize": true,
          "layoutParameter": null,
          "opacity": 255,
          "positionPercentX": 0.5708333,
          "positionPercentY": 0.2,
          "positionType": 0,
          "rotation": 0,
          "scaleX": 1,
          "scaleY": 1,
          "sizePercentX": 0.0197916664,
          "sizePercentY": 0.3125,
          "sizeType": 0,
          "tag": 38,
          "touchAble": true,
          "useMergedTexture": false,
          "visible": true,
          "width": 19,
          "x": 548,
          "y": 16,
          "charMapFile": null,
          "charMapFileData": {
            "path": "number3.png",
            "plistFile": "",
            "resourceType": 0
          },
          "itemHeight": 25,
          "itemWidth": 19,
          "startCharMap": "0",
          "stringValue": "0"
        }
      },
      {
        "classname": "LabelAtlas",
        "name": null,
        "children": [],
        "options": {
          "__type": "LabelAtlasSurrogate:#EditorCommon.JsonModel.Component.GUI",
          "classname": "LabelAtlas",
          "name": "bomb_num",
          "ZOrder": 5,
          "actiontag": 6431948,
          "anchorPointX": 0.5,
          "anchorPointY": 0.5,
          "classType": "CocoStudio.EngineAdapterWrap.CSLabelAtlas",
          "colorB": 255,
          "colorG": 255,
          "colorR": 255,
          "customProperty": "",
          "flipX": false,
          "flipY": false,
          "height": 25,
          "ignoreSize": true,
          "layoutParameter": null,
          "opacity": 255,
          "positionPercentX": 0.496875,
          "positionPercentY": 0.2125,
          "positionType": 0,
          "rotation": 0,
          "scaleX": 1,
          "scaleY": 1,
          "sizePercentX": 0.0197916664,
          "sizePercentY": 0.3125,
          "sizeType": 0,
          "tag": 40,
          "touchAble": true,
          "useMergedTexture": false,
          "visible": true,
          "width": 19,
          "x": 477,
          "y": 17,
          "charMapFile": null,
          "charMapFileData": {
            "path": "number3.png",
            "plistFile": "",
            "resourceType": 0
          },
          "itemHeight": 25,
          "itemWidth": 19,
          "startCharMap": "0",
          "stringValue": "0"
        }
      },
      {
        "classname": "Label",
        "name": null,
        "children": [],
        "options": {
          "__type": "LabelSurrogate:#EditorCommon.JsonModel.Component.GUI",
          "classname": "Label",
          "name": "Label_38",
          "ZOrder": 5,
          "actiontag": 47619995,
          "anchorPointX": 0.5,
          "anchorPointY": 0.5,
          "classType": "CocoStudio.EngineAdapterWrap.CSLabel",
          "colorB": 0,
          "colorG": 0,
          "colorR": 0,
          "customProperty": "",
          "flipX": false,
          "flipY": false,
          "height": 27,
          "ignoreSize": true,
          "layoutParameter": null,
          "opacity": 255,
          "positionPercentX": 0.484375,
          "positionPercentY": 1.1375,
          "positionType": 0,
          "rotation": 0,
          "scaleX": 1,
          "scaleY": 1,
          "sizePercentX": 0.0416666679,
          "sizePercentY": 0.3375,
          "sizeType": 0,
          "tag": 41,
          "touchAble": false,
          "useMergedTexture": false,
          "visible": true,
          "width": 40,
          "x": 465,
          "y": 91,
          "areaHeight": 0,
          "areaWidth": 0,
          "fontFile": null,
          "fontName": "微软雅黑",
          "fontSize": 20,
          "hAlignment": 0,
          "text": "等级",
          "touchScaleEnable": false,
          "vAlignment": 0
        }
      },
      {
        "classname": "LabelAtlas",
        "name": null,
        "children": [],
        "options": {
          "__type": "LabelAtlasSurrogate:#EditorCommon.JsonModel.Component.GUI",
          "classname": "LabelAtlas",
          "name": "level",
          "ZOrder": 0,
          "actiontag": 35468026,
          "anchorPointX": 0.5,
          "anchorPointY": 0.5,
          "classType": "CocoStudio.EngineAdapterWrap.CSLabelAtlas",
          "colorB": 255,
          "colorG": 255,
          "colorR": 255,
          "customProperty": "",
          "flipX": false,
          "flipY": false,
          "height": 25,
          "ignoreSize": true,
          "layoutParameter": null,
          "opacity": 255,
          "positionPercentX": 0.535416663,
          "positionPercentY": 1.1125,
          "positionType": 0,
          "rotation": 0,
          "scaleX": 1,
          "scaleY": 1,
          "sizePercentX": 0.0197916664,
          "sizePercentY": 0.3125,
          "sizeType": 0,
          "tag": 42,
          "touchAble": true,
          "useMergedTexture": false,
          "visible": true,
          "width": 19,
          "x": 514,
          "y": 89,
          "charMapFile": null,
          "charMapFileData": {
            "path": "number3.png",
            "plistFile": "",
            "resourceType": 0
          },
          "itemHeight": 25,
          "itemWidth": 19,
          "startCharMap": "0",
          "stringValue": "1"
        }
      },
      {
        "classname": "Button",
        "name": null,
        "children": [],
        "options": {
          "__type": "ButtonSurrogate:#EditorCommon.JsonModel.Component.GUI",
          "classname": "Button",
          "name": "clover",
          "ZOrder": 0,
          "actiontag": 24331897,
          "anchorPointX": 0.5,
          "anchorPointY": 0.5,
          "classType": "CocoStudio.EngineAdapterWrap.CSButton",
          "colorB": 255,
          "colorG": 255,
          "colorR": 255,
          "customProperty": "",
          "flipX": false,
          "flipY": false,
          "height": 73,
          "ignoreSize": true,
          "layoutParameter": null,
          "opacity": 255,
          "positionPercentX": 0.6802083,
          "positionPercentY": 0.375,
          "positionType": 0,
          "rotation": 0,
          "scaleX": 0.5,
          "scaleY": 0.5,
          "sizePercentX": 0.0729166642,
          "sizePercentY": 0.9125,
          "sizeType": 0,
          "tag": 43,
          "touchAble": true,
          "useMergedTexture": false,
          "visible": true,
          "width": 70,
          "x": 653,
          "y": 30,
          "capInsetsHeight": 1,
          "capInsetsWidth": 1,
          "capInsetsX": 0,
          "capInsetsY": 0,
          "disabled": null,
          "disabledData": {
            "path": null,
            "plistFile": null,
            "resourceType": 0
          },
          "fontName": "微软雅黑",
          "fontSize": 14,
          "fontType": 0,
          "normal": null,
          "normalData": {
            "path": "clover.png",
            "plistFile": "",
            "resourceType": 0
          },
          "pressed": null,
          "pressedData": {
            "path": null,
            "plistFile": null,
            "resourceType": 0
          },
          "scale9Enable": false,
          "scale9Height": 73,
          "scale9Width": 70,
          "text": "",
          "textColorB": 255,
          "textColorG": 255,
          "textColorR": 255
        }
      },
      {
        "classname": "Button",
        "name": null,
        "children": [],
        "options": {
          "__type": "ButtonSurrogate:#EditorCommon.JsonModel.Component.GUI",
          "classname": "Button",
          "name": "hoe",
          "ZOrder": 2,
          "actiontag": 47062423,
          "anchorPointX": 0.5,
          "anchorPointY": 0.5,
          "classType": "CocoStudio.EngineAdapterWrap.CSButton",
          "colorB": 255,
          "colorG": 255,
          "colorR": 255,
          "customProperty": "",
          "flipX": false,
          "flipY": false,
          "height": 117,
          "ignoreSize": true,
          "layoutParameter": null,
          "opacity": 255,
          "positionPercentX": 0.426041663,
          "positionPercentY": 0.425,
          "positionType": 0,
          "rotation": 0,
          "scaleX": 0.5,
          "scaleY": 0.5,
          "sizePercentX": 0.107291669,
          "sizePercentY": 0.5,
          "sizeType": 0,
          "tag": 63,
          "touchAble": true,
          "useMergedTexture": false,
          "visible": true,
          "width": 179,
          "x": 409,
          "y": 34,
          "capInsetsHeight": 1,
          "capInsetsWidth": 1,
          "capInsetsX": 0,
          "capInsetsY": 0,
          "disabled": null,
          "disabledData": {
            "path": null,
            "plistFile": null,
            "resourceType": 0
          },
          "fontName": "微软雅黑",
          "fontSize": 14,
          "fontType": 0,
          "normal": null,
          "normalData": {
            "path": "pickaxe-over.png",
            "plistFile": "",
            "resourceType": 0
          },
          "pressed": null,
          "pressedData": {
            "path": null,
            "plistFile": null,
            "resourceType": 0
          },
          "scale9Enable": false,
          "scale9Height": 117,
          "scale9Width": 179,
          "text": "",
          "textColorB": 255,
          "textColorG": 255,
          "textColorR": 255
        }
      },
      {
        "classname": "Button",
        "name": null,
        "children": [],
        "options": {
          "__type": "ButtonSurrogate:#EditorCommon.JsonModel.Component.GUI",
          "classname": "Button",
          "name": "bomb",
          "ZOrder": 2,
          "actiontag": 14379404,
          "anchorPointX": 0.5,
          "anchorPointY": 0.5,
          "classType": "CocoStudio.EngineAdapterWrap.CSButton",
          "colorB": 255,
          "colorG": 255,
          "colorR": 255,
          "customProperty": "",
          "flipX": false,
          "flipY": false,
          "height": 117,
          "ignoreSize": true,
          "layoutParameter": null,
          "opacity": 255,
          "positionPercentX": 0.50625,
          "positionPercentY": 0.4375,
          "positionType": 0,
          "rotation": 0,
          "scaleX": 0.5,
          "scaleY": 0.5,
          "sizePercentX": 0.107291669,
          "sizePercentY": 0.5,
          "sizeType": 0,
          "tag": 64,
          "touchAble": true,
          "useMergedTexture": false,
          "visible": true,
          "width": 179,
          "x": 486,
          "y": 35,
          "capInsetsHeight": 1,
          "capInsetsWidth": 1,
          "capInsetsX": 0,
          "capInsetsY": 0,
          "disabled": null,
          "disabledData": {
            "path": null,
            "plistFile": null,
            "resourceType": 0
          },
          "fontName": "微软雅黑",
          "fontSize": 14,
          "fontType": 0,
          "normal": null,
          "normalData": {
            "path": "dynamite-over.png",
            "plistFile": "",
            "resourceType": 0
          },
          "pressed": null,
          "pressedData": {
            "path": null,
            "plistFile": null,
            "resourceType": 0
          },
          "scale9Enable": false,
          "scale9Height": 117,
          "scale9Width": 179,
          "text": "",
          "textColorB": 255,
          "textColorG": 255,
          "textColorR": 255
        }
      },
      {
        "classname": "Button",
        "name": null,
        "children": [],
        "options": {
          "__type": "ButtonSurrogate:#EditorCommon.JsonModel.Component.GUI",
          "classname": "Button",
          "name": "map",
          "ZOrder": 2,
          "actiontag": 57570557,
          "anchorPointX": 0.5,
          "anchorPointY": 0.5,
          "classType": "CocoStudio.EngineAdapterWrap.CSButton",
          "colorB": 255,
          "colorG": 255,
          "colorR": 255,
          "customProperty": "",
          "flipX": false,
          "flipY": false,
          "height": 117,
          "ignoreSize": true,
          "layoutParameter": null,
          "opacity": 255,
          "positionPercentX": 0.578125,
          "positionPercentY": 0.4375,
          "positionType": 0,
          "rotation": 0,
          "scaleX": 0.5,
          "scaleY": 0.5,
          "sizePercentX": 0.107291669,
          "sizePercentY": 0.5,
          "sizeType": 0,
          "tag": 65,
          "touchAble": true,
          "useMergedTexture": false,
          "visible": true,
          "width": 179,
          "x": 555,
          "y": 35,
          "capInsetsHeight": 1,
          "capInsetsWidth": 1,
          "capInsetsX": 0,
          "capInsetsY": 0,
          "disabled": null,
          "disabledData": {
            "path": null,
            "plistFile": null,
            "resourceType": 0
          },
          "fontName": "微软雅黑",
          "fontSize": 14,
          "fontType": 0,
          "normal": null,
          "normalData": {
            "path": "map-over.png",
            "plistFile": "",
            "resourceType": 0
          },
          "pressed": null,
          "pressedData": {
            "path": null,
            "plistFile": null,
            "resourceType": 0
          },
          "scale9Enable": false,
          "scale9Height": 117,
          "scale9Width": 179,
          "text": "",
          "textColorB": 255,
          "textColorG": 255,
          "textColorR": 255
        }
      }
    ],
    "options": {
      "__type": "PanelSurrogate:#EditorCommon.JsonModel.Component.GUI",
      "classname": "Panel",
      "name": "Panel_14",
      "ZOrder": 0,
      "actiontag": -1,
      "anchorPointX": 0,
      "anchorPointY": 0,
      "classType": "CocoStudio.EngineAdapterWrap.CSPanel",
      "colorB": 255,
      "colorG": 255,
      "colorR": 255,
      "customProperty": "",
      "flipX": false,
      "flipY": false,
      "height": 80,
      "ignoreSize": false,
      "layoutParameter": null,
      "opacity": 255,
      "positionPercentX": 0,
      "positionPercentY": 0,
      "positionType": 0,
      "rotation": 0,
      "scaleX": 1,
      "scaleY": 1,
      "sizePercentX": 1,
      "sizePercentY": 1,
      "sizeType": 0,
      "tag": 3,
      "touchAble": true,
      "useMergedTexture": false,
      "visible": true,
      "width": 960,
      "x": 0,
      "y": 0,
      "adaptScreen": false,
      "backGroundImage": null,
      "backGroundImageData": null,
      "backGroundScale9Enable": false,
      "bgColorB": 255,
      "bgColorG": 200,
      "bgColorOpacity": 0,
      "bgColorR": 150,
      "bgEndColorB": 255,
      "bgEndColorG": 200,
      "bgEndColorR": 150,
      "bgStartColorB": 255,
      "bgStartColorG": 255,
      "bgStartColorR": 255,
      "capInsetsHeight": 1,
      "capInsetsWidth": 1,
      "capInsetsX": 0,
      "capInsetsY": 0,
      "clipAble": false,
      "colorType": 1,
      "layoutType": 0,
      "vectorX": 0,
      "vectorY": -0.5
    }
  }
}